topic,weibo,reddit,x_twitter,news,observed,equal_platform,no_weibo
Safety/accountability,25.0,23.8,28.6,35.5,26.8,28.2,28.1
Trust/loss of control,16.7,18.9,19.1,14.2,17.4,17.2,17.9
Robotaxi service,15.1,11.4,11.8,7.9,12.6,11.6,10.8
Opaque AI/privacy,9.5,13.7,11.9,8.7,10.9,10.9,11.9
Accessibility/inclusion,8.8,9.8,8.4,11.4,9.3,9.6,9.7
Local culture/regulation,11.0,6.4,6.8,7.7,8.6,8.0,6.8
Labour/displacement,7.2,9.1,7.6,8.4,7.9,8.1,8.4
Interface legibility,6.7,6.9,5.8,6.2,6.5,6.4,6.4
Column total,100.0,100.0,100.0,100.0,100.0,100.0,100.0
